title,youtube_url,tags,mood,category,genre,theme,score,created_at,timestamp,duration,language
Mithun Chakraborty Best Villain Award Screen - Jallaad 1995,https://www.youtube.com/watch?v=O8fOctQIUbY,"mithun chakraborty, jai kali, poornima jai, movie jallaad, bollywood movies",Thrilling,Hollywood,Hollywood,"Family, Love",1.0,2025-07-29T06:50:20.434405+00:00,1753771820,195,en
Ek Villain Dialogue Hindi Subtitles - Fight Scene | Ultra HD | Main Tuze Marne Nhi Dunga | Sidharth,https://www.youtube.com/watch?v=wiuu7ZEKWpk,"hindi subtitles, dialogue hindi, ek villain, subtitles fight, villain dialogue",Thrilling,Action,Action,"War, Revenge",0.8,2025-07-29T06:50:59.723179+00:00,1753771859,135,en
Pushpa Ka Attitude and Swag | @AlluArjun Fight Scene | Pushpa: The Rise | Amazon Prime Video,https://www.youtube.com/watch?v=qF_aQEXieGo,"watch pushpa, rise hindi, pushpa ka, pushpa rise, pushpa raj",Inspiring,Documentary,Documentary,"Family, Friendship",1.0,2025-07-29T06:55:46.849034+00:00,1753772146,199,en
Famous Bollywood villain dialogue,https://www.youtube.com/watch?v=Xo97Pe58nY4,"bollywood villain, villain dialogue, famous bollywood, bollywood, villain",Thrilling,Bollywood,Bollywood,"Betrayal, Revenge",0.8,2025-07-29T06:56:05.825540+00:00,1753772165,109,en
Ashutosh Rana as Scariest Villain,https://www.youtube.com/watch?v=eyBjbRRMvX4,"rana scariest, ashutosh rana, scariest villain, rana, villain best",Thrilling,Action,Action,"Betrayal, Revenge",0.8,2025-07-29T06:56:26.878463+00:00,1753772186,197,en
Batman Becomes the Villain | The Dark Knight | Max,https://www.youtube.com/watch?v=QEBCT-Lsh-A,"villain max, batman villain, hero gotham, dark knight, batman",Dark,Action,Action,"Family, Betrayal",1.0,2025-07-29T06:58:19.021684+00:00,1753772299,255,en
Iago - How am I then a villain? [Othello],https://www.youtube.com/watch?v=H3De429jdIE,"iago villain, iago speech, villain othello, representation iago, iago",Thrilling,Drama,Drama,"Betrayal, Revenge",0.8,2025-07-29T06:58:51.772932+00:00,1753772331,86,en
[MF] V for Vendetta - The V monologue - HD,https://www.youtube.com/watch?v=wKn1R6fekk4,"mf vendetta, vendetta monologue, vendetta, monologue hd, monologue",Thrilling,Documentary,Documentary,"War, Revenge",0.8,2025-07-29T06:59:13.739749+00:00,1753772353,99,en
Madhavan‚Äôs SPINE-CHILLING Monologue SHOCKS Ajay Devgn & Jyotika üò± | #Shaitaan | Netflix India,https://www.youtube.com/watch?v=lxVJmBPL3iA,"shaitaan netflix, netflix india, shaitaan vanraj, watch shaitaan, netflixindia",Tense,Action,Action,"Survival, Betrayal",1.0,2025-07-29T07:00:36.755897+00:00,1753772436,146,en
Shahid Kapoor's Iconic Speech from #Haider,https://www.youtube.com/watch?v=RJAJdYw3ctw,"watch haider, netflix india, speech haider, shahid kapoor, haider haider",Tense,Action,Action,"Survival, Love",1.0,2025-07-29T07:01:40.779194+00:00,1753772500,139,en
The Batman - The Batman‚Äôs Opening Monologue | Super Scenes | DC,https://www.youtube.com/watch?v=6fWz-_hV46k,"dc batman, stream batman, batman max, batman superman, batman watches",Tense,Action,Action,"Family, Survival",1.0,2025-07-29T07:03:25.413123+00:00,1753772605,225,en
Vicky Kaushal's ROARING Chhaava Monologue | Netflix India,https://www.youtube.com/watch?v=xljY-LImr3E,"chhaava monologue, roaring chhaava, monologue netflix, netflix india, vicky kaushal",Tense,Action,Action,"War, Survival",1.0,2025-07-29T07:04:41.281343+00:00,1753772681,148,en
Andor | Luthen Rael‚Äôs Monologue | Disney+,https://www.youtube.com/watch?v=-3RCme2zZRY,"cassian andor, season andor, andor series, andor, andor luthen",Tense,Hollywood,Hollywood,"Friendship, War",1.0,2025-07-29T07:07:13.875360+00:00,1753772833,88,en
Collateral: Vincent's Speech,https://www.youtube.com/watch?v=5IKdkHcR50E,"collateral vincent, movie collateral, vincent speech, speech vincent, collateral copyright",Tense,Hollywood,Hollywood,"Loneliness, Love",1.0,2025-07-29T07:07:45.366252+00:00,1753772865,80,en
Alia Bhatt MOST POWERFUL Monologue on Parenting #DearZindagi,https://www.youtube.com/watch?v=ADH2-qv2vmA,"netflix india, netflixindiayt, dearzindagi kiara, netflixindia, netflixindia netflixindiashorts",Tense,Action,Action,"Family, Betrayal",1.0,2025-07-29T07:08:57.767829+00:00,1753772937,258,en
Evil Morty speech,https://www.youtube.com/watch?v=G_a34YRMMfE,"speeches campaigning, morty speech, speeches, speech speeches, campaigning time",Dark,Action,Action,"Betrayal, Revenge",1.0,2025-07-29T07:09:18.839308+00:00,1753772958,172,en
"""So, uh... Palpatine is DEFINITELY not a Sith Lord""",https://www.youtube.com/watch?v=23l58SQAtF4,"palpatine just, palpatine, palpatine definitely, scenes palpatine, uh palpatine",Humorous,Comedy,Comedy,"Betrayal, Family",1.0,2025-07-29T07:10:15.656197+00:00,1753773015,198,en
Al Pacino's speech about God (The Devil's Advocate),https://www.youtube.com/watch?v=jARp24AJWLk,"pacino speech, al pacino, pacino talks, satan al, speech god",Humorous,Comedy,Comedy,"Survival, Betrayal",1.0,2025-07-29T07:10:58.972131+00:00,1753773058,112,en
Cruella De Vil-Monologue,https://www.youtube.com/watch?v=ZZa5XVQpfXY,"cruella vil, vil monologue, cruella, monologue, vil",Dark,Comedy,Comedy,"Revenge, Betrayal",0.8,2025-07-29T07:11:19.395119+00:00,1753773079,175,it
Skyfall - Silva's Opening Speech on Rats (1080p),https://www.youtube.com/watch?v=g9d3DfDWsEE,"rats scene, skyfall silva, movie skyfall, skyfall, bond movie",Tense,Action,Action,"Survival, Revenge",1.0,2025-07-29T07:12:09.076078+00:00,1753773129,120,en
"The Joker's ""One Bad Day"" Monologue: The Killing Joke",https://www.youtube.com/watch?v=EvLlWh-guck,"joker bad, joke joker, batman killing, joker, joker mentally",Tense,Drama,Drama,"Revenge, Survival",1.0,2025-07-29T07:12:49.026027+00:00,1753773169,155,en
Bill The Butcher haunting monologue | Gangs of New York | CLIP,https://www.youtube.com/watch?v=h8U3slXNy10,"butcher haunting, gangs new, monologue gangs, butcher, day lewis",Tense,Hollywood,Hollywood,"Survival, Friendship",1.0,2025-07-29T07:14:19.069453+00:00,1753773259,293,en
"Blade Runner - Final scene, ""Tears in Rain"" Monologue (HD)",https://www.youtube.com/watch?v=NoAzpa1x7jU,"scene tears, tears rain, blade runner, rain monologue, film blade",Humorous,Comedy,Comedy,"War, Betrayal",1.0,2025-07-29T07:15:23.000914+00:00,1753773323,235,en
Andor | Kino Loy‚Äôs Monologue | Disney+,https://www.youtube.com/watch?v=TKB67KzjO4A,"cassian andor, andor kino, andor series, season andor, andor",Inspiring,Hollywood,Hollywood,"Friendship, War",1.0,2025-07-29T07:17:50.550842+00:00,1753773470,182,en
The Bad Guy Speech (Scarface),https://www.youtube.com/watch?v=dW37AGZ0Pj0,"speech scarface, scarface tony, scarface, bad guy, say bad",Tense,Action,Action,"Survival, Betrayal",1.0,2025-07-29T07:19:08.315108+00:00,1753773548,105,en
BEST MOVIE VILLAIN QUOTES OF ALL TIME‚ÄºÔ∏èüíÄ (part 2),https://www.youtube.com/watch?v=EenS_0FOMQA,"villain quotes, movie villain, villain, quotes, best movie",Thrilling,Hollywood,Hollywood,"Revenge, Betrayal",0.8,2025-07-29T07:19:38.871455+00:00,1753773578,62,ca
The greatest Villain Quotes,https://www.youtube.com/watch?v=OfF66Oj8hdo,"quotes villains, villain quotes, movie quote, quotes greatest, greatest quotes",Tense,Hollywood,Hollywood,"Betrayal, Revenge",1.0,2025-07-29T07:21:09.490160+00:00,1753773669,295,en
Top 5 Kind Hearted Villains in Marvel,https://www.youtube.com/watch?v=pFDcSLYb_Cw,"marvel antihero, villains marvel, marvel list, antiherosclub marvel, avengers superhero",Dark,Bollywood,Bollywood,"Family, Survival",1.0,2025-07-29T07:23:06.737040+00:00,1753773786,60,en
Top 5 Films Where The Villain Wins in the End,https://www.youtube.com/watch?v=qfCaA9uGa5w,"villains bollywood, bollywood villains, dhoom2 don, movie dhoom, dhoom movie",Tense,Bollywood,Bollywood,"War, Friendship",1.0,2025-07-29T07:28:35.502901+00:00,1753774115,237,en
When a Disney villain meets a Netflix hero..,https://www.youtube.com/watch?v=VCWb9iNTGqI,"disney villain, mannymeachum, mannymeachum instagram, instagram mannymeachum, villain meets",Humorous,Action,Action,"Revenge, Betrayal",0.8,2025-07-29T07:29:09.975273+00:00,1753774149,60,en
When the hero is just as smart as villain.,https://www.youtube.com/watch?v=x2Y5-4kLb5I,"villain laundry, insurance oddwin, smart villain, oddwin, oddwin 16",Tense,Action,Action,"Survival, Betrayal",1.0,2025-07-29T07:29:43.349463+00:00,1753774183,272,en
When the Villain Outsmarts the Hero üëÄüî• #movie #moviescenes #movieclips,https://www.youtube.com/watch?v=HtHTpV_G-No,"moviescenes movieclips, villain outsmarts, movie moviescenes, hero movie, moviescenes",Thrilling,Drama,Drama,"Betrayal, Revenge",0.8,2025-07-29T07:36:18.602361+00:00,1753774578,60,en
When the Villain actually Outsmarts the Hero,https://www.youtube.com/watch?v=cjMGPr4naMc,"villain, dccomics marvel, outsmarts hero, marvel, comedy dccomics",Humorous,Comedy,Comedy,"Betrayal, Revenge",1.0,2025-07-29T07:38:10.436392+00:00,1753774690,283,en
When Endy Outsmarts the Villain in Last Action Hero! üî•,https://www.youtube.com/watch?v=InVJjEpTOY0,"villain action, endy, endy outsmarts, outsmarts villain, schwarzenegger character",Thrilling,Action,Action,"Survival, Family",1.0,2025-07-29T07:40:00.969121+00:00,1753774800,60,en
The Nightmare No One Could Face üò® Dream Scenario ‚Äî Mass Walkout Scene Hits Deep üí≠üß†,https://www.youtube.com/watch?v=TQeQrVwgaJc,"trapped dream, nightmare, dream scenario, nightmares, nightmareeffect masswalkout",Tense,Drama,Drama,"Betrayal, Loneliness",1.0,2025-07-29T07:43:25.357666+00:00,1753775005,60,en
Anime Speeches which always Gives Goosebumpsü•∂,https://www.youtube.com/watch?v=fyp0TheyJAA,"anime speeches, suubscribe anime, anime amv, anime, naruto kaneki",Thrilling,Anime,Anime,"Revenge, Survival",1.0,2025-07-29T07:44:33.218805+00:00,1753775073,249,en
She was the real villain üò≠,https://www.youtube.com/watch?v=Dz8Bnn8KNVI,"novel movie, atonement netflix, villain atonement, atonement 2007, atonement",Romantic,Fantasy,Fantasy,"War, Family",1.0,2025-07-29T07:47:25.302251+00:00,1753775245,59,en
"""Sometimes the strongest bonds are tested in the hardest moments."" üíî",https://www.youtube.com/watch?v=9ajuZxq1UKI,"moments brothers, bond family, brother moviescenes, brothers 2009, turmoil brothers",Tense,Drama,Drama,"Family, Sacrifice",1.0,2025-07-29T07:49:16.057569+00:00,1753775356,61,en
Top 5 Most TERRIFYING VILLAINS in MARVEL,https://www.youtube.com/watch?v=XpSFGDRzFsw,"villains marvel, terrifying villains, powerful villains, villains mightiest, villains",Dark,Drama,Drama,"Survival, War",1.0,2025-07-29T07:51:02.837350+00:00,1753775462,73,en
Jim Carrey Gets Emotional at the Oscars,https://www.youtube.com/watch?v=7d9vLX91zvI,"emotional oscars, oscars jimcarrey, oscars jim, ryan oscar, oscar best",Tense,Comedy,Comedy,"Survival, Betrayal",1.0,2025-07-29T07:52:50.172308+00:00,1753775570,59,en
What Heath Ledger Was Like on Set,https://www.youtube.com/watch?v=cT1CCpSNJi8,"screenplay outstandingscreenplays, screenwriter screenwriting, screenwriting screenplay, screenwriters submit, screenplay competitions",Dark,Hollywood,Hollywood,"Love, Family",1.0,2025-07-29T07:55:37.098667+00:00,1753775737,60,en
Best Oscar winning animated movies (2002-2024),https://www.youtube.com/watch?v=NbK0MRs_iJ8,"animated movies, animated oscars, animation movies, animated films, movies animated",Tense,Documentary,Documentary,"Revenge, Betrayal",1.0,2025-07-29T08:03:38.323651+00:00,1753776218,60,en
Oscars 2024: How Batman defeated both Arnold Schwarzenegger and Danny DeVito,https://www.youtube.com/watch?v=AelmLu63Ly8,"abcnews oscars, oscars oscars2024, batman villains, batman defeated, oscars 2024",Tense,Action,Action,"Revenge, Family",1.0,2025-07-29T08:07:04.238561+00:00,1753776424,85,en
R. Madhavan's BRUTAL Reply BREAKS Fatima Sana Shaikh's Heart üíî | Aap Jaisa Koi | Netflix India,https://www.youtube.com/watch?v=-S9UjsbSfDc,"netflix india, koi netflix, netflixindia, jaisa koi, madhavan fatima",Tense,Action,Action,"Love, Betrayal",1.0,2025-07-29T08:09:16.895239+00:00,1753776556,215,en
Who will be the Final Villain of Hazbin Hotel Theory #hazbinhotel #hazbinhotelseason1 #vivziepop,https://www.youtube.com/watch?v=J51LceWvUow,"villain hazbin, lilith charlie, final villain, ultimate antagonist, villain representing",Romantic,Drama,Drama,"Family, Betrayal",1.0,2025-07-29T08:10:29.314624+00:00,1753776629,60,en
Ravi Kumar Hit Dialogues | Badass Ravi Kumar | Himesh Reshammiya,https://www.youtube.com/watch?v=nvqjE9fCnLY,"badass ravi, ravikumar character, reshammiya ravikumar, ravi kumar, himeshreshammiya badassravikumar",Thrilling,Action,Action,"War, Survival",1.0,2025-07-29T08:10:41.553932+00:00,1753776641,78,en
"Warehouse Scene | Batman v Superman (4k, HDR)",https://www.youtube.com/watch?v=m7GWGLkPepU,"batman superman, snyder cast, kent superman, superman, justiceleague2 snydercut",Tense,Action,Action,"Revenge, Survival",1.0,2025-07-29T08:11:36.789118+00:00,1753776696,239,en
Underrated Villains: The Colonel,https://www.youtube.com/watch?v=DgIlkdbArNc,"villains colonel, underrated villains, colonel, villains, underrated",Dark,Action,Action,"Betrayal, War",0.8,2025-07-29T08:12:03.977967+00:00,1753776723,60,en
Revisiting T T Vikram | Thiruda Thiruda | Mani Ratnam |,https://www.youtube.com/watch?v=kyupVkt7WgM,"vikram thiruda, films vikram, vikram played, revisiting vikram, ghouse vikram",Dark,Documentary,Documentary,"Revenge, Survival",1.0,2025-07-29T08:12:56.655639+00:00,1753776776,167,en
Kabuto Is The Most Underrated Villain in Naruto,https://www.youtube.com/watch?v=FkEmRtiaTPY,"villain naruto, kabuto underrated, naruto, kabuto, underrated villain",Dark,Anime,Anime,"Betrayal, Revenge",0.8,2025-07-29T08:13:46.048375+00:00,1753776826,59,en
Nefarious (2023) - the best scene in the movie (why evil has already won against the human race),https://www.youtube.com/watch?v=n5ydZO7yFUQ,"nefarious 2023, movie evil, best scene, scene movie, nefarious",Thrilling,Fantasy,Fantasy,"War, Revenge",0.8,2025-07-29T08:14:16.476676+00:00,1753776856,192,en
DEATH! Coolest Animated Villain ü§Ø ‚ãÆ Puss In Boots The Last Wish,https://www.youtube.com/watch?v=t6Uok_jBSaU,"extracts cinematograph, review cinema, cinema purpose, cinematograph films, promote cinema",Chill,Action,Action,"Family, Betrayal",1.0,2025-07-29T08:16:32.397217+00:00,1753776992,60,en
The fact that Tobeys spiderman literally fought all 3 !!,https://www.youtube.com/watch?v=yhdeOv1ufh8,"spiderman, spider man, tobeys spiderman, spiderman literally, responsibility spiderman",Tense,Drama,Drama,"Sacrifice, Family",1.0,2025-07-29T08:21:46.323546+00:00,1753777306,59,en
Arrow's Darkest Dilemma: Kill the Villain or Save the Island? üí£üèù | S5E23 Breakdown,https://www.youtube.com/watch?v=qpG3Ab_Qmsc,"felicity warns, dead felicity, react felicity, dead oliver, trap oliver",Tense,Drama,Drama,"Family, Survival",1.0,2025-07-29T08:24:09.959049+00:00,1753777449,60,en
Why Save a Piece of Shit Like Him?,https://www.youtube.com/watch?v=yTRfKPvlmAM,"betrayal redemption, redemption, redemption save, villain ruthless, betrayal",Thrilling,Drama,Drama,"Betrayal, Survival",1.0,2025-07-29T08:25:33.772579+00:00,1753777533,82,en
"Villain Vs Villain (Faceoff Promo) - Ek Villain Returns | JOHN, DISHA, ARJUN, TARA | Bhushan K",https://www.youtube.com/watch?v=IbM2yzHpKCI,"villain faceoff, ek villain, villain returns, villain vs, vs villain",Tense,Action,Action,"Survival, Revenge",1.0,2025-07-29T08:32:10.483097+00:00,1753777930,65,en
"Action Hero Villain Face Off Scene Clip - ""I Now Pronounce You""",https://www.youtube.com/watch?v=xtouOMvhKvM,"scene pronounce, villain faceoff, face scene, villain face, pronounce action",Thrilling,Action,Action,"Survival, Revenge",1.0,2025-07-29T08:33:12.243813+00:00,1753777992,67,en
Nani & SJ Suryah Face Off: Nani‚Äôs QUICK THINKING Saves a Woman! ü§Ø | Saripodhaa Sanivaaram | Netflix,https://www.youtube.com/watch?v=ELyUZmyZumg,"saripodhaasanivaaram netflix, watch nani, netflixindia, netflix india, sanivaaram netflix",Tense,Action,Action,"Survival, Sacrifice",1.0,2025-07-29T08:34:58.171672+00:00,1753778098,149,en
This Scene Has A Separate Fan Base #primevideoindia,https://www.youtube.com/watch?v=tFbcu7chihA,"kaala patthar, shatrughan sinha, coal kaala, bachchan shatrughan, ravi shashi",Inspiring,Action,Action,"Hope, Survival",1.0,2025-07-29T08:37:07.061779+00:00,1753778227,60,en
Fight Club - Basement | Fight scene (HD),https://www.youtube.com/watch?v=NHXXqlcCxPs,"fight scene, basement fight, fight club, fighting group, fights",Dark,Documentary,Documentary,"Hope, Revenge",1.0,2025-07-29T08:37:49.948503+00:00,1753778269,119,en
When the Villain Outsmarts the Hero üëÄüî• #movie #moviescenes #movieclips,https://www.youtube.com/watch?v=HtHTpV_G-No,"moviescenes movieclips, villain outsmarts, movie moviescenes, hero movie, moviescenes",Thrilling,Drama,Drama,"Betrayal, Revenge",0.8,2025-07-29T07:30:16.466332+00:00,1753774216,60,en
When the Villain actually Outsmarts the Hero,https://www.youtube.com/watch?v=cjMGPr4naMc,"villain, dccomics marvel, outsmarts hero, marvel, comedy dccomics",Humorous,Comedy,Comedy,"Betrayal, Revenge",1.0,2025-07-29T07:31:00.573620+00:00,1753774260,283,en
When Endy Outsmarts the Villain in Last Action Hero! üî•,https://www.youtube.com/watch?v=InVJjEpTOY0,"villain action, endy, endy outsmarts, outsmarts villain, schwarzenegger character",Thrilling,Action,Action,"Survival, Family",1.0,2025-07-29T07:32:07.098377+00:00,1753774327,60,en
The Nightmare No One Could Face üò® Dream Scenario ‚Äî Mass Walkout Scene Hits Deep üí≠üß†,https://www.youtube.com/watch?v=TQeQrVwgaJc,"trapped dream, nightmare, dream scenario, nightmares, nightmareeffect masswalkout",Tense,Drama,Drama,"Betrayal, Loneliness",1.0,2025-07-29T07:34:34.882657+00:00,1753774474,60,en
Anime Speeches which always Gives Goosebumpsü•∂,https://www.youtube.com/watch?v=fyp0TheyJAA,"anime speeches, suubscribe anime, anime amv, anime, naruto kaneki",Thrilling,Anime,Anime,"Revenge, Survival",1.0,2025-07-29T07:35:33.167096+00:00,1753774533,249,en
She was the real villain üò≠,https://www.youtube.com/watch?v=Dz8Bnn8KNVI,"novel movie, atonement netflix, villain atonement, atonement 2007, atonement",Romantic,Fantasy,Fantasy,"War, Family",1.0,2025-07-29T07:38:32.552970+00:00,1753774712,59,en
"""Sometimes the strongest bonds are tested in the hardest moments."" üíî",https://www.youtube.com/watch?v=9ajuZxq1UKI,"moments brothers, bond family, brother moviescenes, brothers 2009, turmoil brothers",Tense,Drama,Drama,"Family, Sacrifice",1.0,2025-07-29T07:41:20.064435+00:00,1753774880,61,en
Top 5 Most TERRIFYING VILLAINS in MARVEL,https://www.youtube.com/watch?v=XpSFGDRzFsw,"villains marvel, terrifying villains, powerful villains, villains mightiest, villains",Dark,Drama,Drama,"Survival, War",1.0,2025-07-29T07:43:35.691868+00:00,1753775015,73,en
Jim Carrey Gets Emotional at the Oscars,https://www.youtube.com/watch?v=7d9vLX91zvI,"emotional oscars, oscars jimcarrey, oscars jim, ryan oscar, oscar best",Tense,Comedy,Comedy,"Survival, Betrayal",1.0,2025-07-29T07:45:19.777936+00:00,1753775119,59,en
What Heath Ledger Was Like on Set,https://www.youtube.com/watch?v=cT1CCpSNJi8,"screenplay outstandingscreenplays, screenwriter screenwriting, screenwriting screenplay, screenwriters submit, screenplay competitions",Dark,Hollywood,Hollywood,"Love, Family",1.0,2025-07-29T07:48:38.970197+00:00,1753775318,60,en
Best Oscar winning animated movies (2002-2024),https://www.youtube.com/watch?v=NbK0MRs_iJ8,"animated movies, animated oscars, animation movies, animated films, movies animated",Tense,Documentary,Documentary,"Revenge, Betrayal",1.0,2025-07-29T07:58:52.691487+00:00,1753775932,60,en
Oscars 2024: How Batman defeated both Arnold Schwarzenegger and Danny DeVito,https://www.youtube.com/watch?v=AelmLu63Ly8,"abcnews oscars, oscars oscars2024, batman villains, batman defeated, oscars 2024",Tense,Action,Action,"Revenge, Family",1.0,2025-07-29T08:03:41.476519+00:00,1753776221,85,en
R. Madhavan's BRUTAL Reply BREAKS Fatima Sana Shaikh's Heart üíî | Aap Jaisa Koi | Netflix India,https://www.youtube.com/watch?v=-S9UjsbSfDc,"netflix india, koi netflix, netflixindia, jaisa koi, madhavan fatima",Tense,Action,Action,"Love, Betrayal",1.0,2025-07-29T08:06:16.421974+00:00,1753776376,215,en
Who will be the Final Villain of Hazbin Hotel Theory #hazbinhotel #hazbinhotelseason1 #vivziepop,https://www.youtube.com/watch?v=J51LceWvUow,"villain hazbin, lilith charlie, final villain, ultimate antagonist, villain representing",Romantic,Drama,Drama,"Family, Betrayal",1.0,2025-07-29T08:08:56.562560+00:00,1753776536,60,en
Ravi Kumar Hit Dialogues | Badass Ravi Kumar | Himesh Reshammiya,https://www.youtube.com/watch?v=nvqjE9fCnLY,"badass ravi, ravikumar character, reshammiya ravikumar, ravi kumar, himeshreshammiya badassravikumar",Thrilling,Action,Action,"War, Survival",1.0,2025-07-29T08:10:00.601734+00:00,1753776600,78,en
"Warehouse Scene | Batman v Superman (4k, HDR)",https://www.youtube.com/watch?v=m7GWGLkPepU,"batman superman, snyder cast, kent superman, superman, justiceleague2 snydercut",Tense,Action,Action,"Revenge, Survival",1.0,2025-07-29T08:11:55.446312+00:00,1753776715,239,en
Underrated Villains: The Colonel,https://www.youtube.com/watch?v=DgIlkdbArNc,"villains colonel, underrated villains, colonel, villains, underrated",Dark,Action,Action,"Betrayal, War",0.8,2025-07-29T08:12:15.387933+00:00,1753776735,60,en
Revisiting T T Vikram | Thiruda Thiruda | Mani Ratnam |,https://www.youtube.com/watch?v=kyupVkt7WgM,"vikram thiruda, films vikram, vikram played, revisiting vikram, ghouse vikram",Dark,Documentary,Documentary,"Revenge, Survival",1.0,2025-07-29T08:13:35.222799+00:00,1753776815,167,en
Kabuto Is The Most Underrated Villain in Naruto,https://www.youtube.com/watch?v=FkEmRtiaTPY,"villain naruto, kabuto underrated, naruto, kabuto, underrated villain",Dark,Anime,Anime,"Betrayal, Revenge",0.8,2025-07-29T08:14:00.859463+00:00,1753776840,59,en
Nefarious (2023) - the best scene in the movie (why evil has already won against the human race),https://www.youtube.com/watch?v=n5ydZO7yFUQ,"nefarious 2023, movie evil, best scene, scene movie, nefarious",Thrilling,Fantasy,Fantasy,"War, Revenge",0.8,2025-07-29T08:14:34.931329+00:00,1753776874,192,en
DEATH! Coolest Animated Villain ü§Ø ‚ãÆ Puss In Boots The Last Wish,https://www.youtube.com/watch?v=t6Uok_jBSaU,"extracts cinematograph, review cinema, cinema purpose, cinematograph films, promote cinema",Chill,Action,Action,"Family, Betrayal",1.0,2025-07-29T08:17:19.049390+00:00,1753777039,60,en
The fact that Tobeys spiderman literally fought all 3 !!,https://www.youtube.com/watch?v=yhdeOv1ufh8,"spiderman, spider man, tobeys spiderman, spiderman literally, responsibility spiderman",Tense,Drama,Drama,"Sacrifice, Family",1.0,2025-07-29T08:24:06.186733+00:00,1753777446,59,en
Arrow's Darkest Dilemma: Kill the Villain or Save the Island? üí£üèù | S5E23 Breakdown,https://www.youtube.com/watch?v=qpG3Ab_Qmsc,"felicity warns, dead felicity, react felicity, dead oliver, trap oliver",Tense,Drama,Drama,"Family, Survival",1.0,2025-07-29T08:28:45.176246+00:00,1753777725,60,en
Why Save a Piece of Shit Like Him?,https://www.youtube.com/watch?v=yTRfKPvlmAM,"betrayal redemption, redemption, redemption save, villain ruthless, betrayal",Thrilling,Drama,Drama,"Betrayal, Survival",1.0,2025-07-29T08:31:40.788555+00:00,1753777900,82,en
"Villain Vs Villain (Faceoff Promo) - Ek Villain Returns | JOHN, DISHA, ARJUN, TARA | Bhushan K",https://www.youtube.com/watch?v=IbM2yzHpKCI,"villain faceoff, ek villain, villain returns, villain vs, vs villain",Tense,Action,Action,"Survival, Revenge",1.0,2025-07-29T08:39:50.203782+00:00,1753778390,65,en
"Action Hero Villain Face Off Scene Clip - ""I Now Pronounce You""",https://www.youtube.com/watch?v=xtouOMvhKvM,"scene pronounce, villain faceoff, face scene, villain face, pronounce action",Thrilling,Action,Action,"Survival, Revenge",1.0,2025-07-29T08:40:51.877133+00:00,1753778451,67,en
Nani & SJ Suryah Face Off: Nani‚Äôs QUICK THINKING Saves a Woman! ü§Ø | Saripodhaa Sanivaaram | Netflix,https://www.youtube.com/watch?v=ELyUZmyZumg,"saripodhaasanivaaram netflix, watch nani, netflixindia, netflix india, sanivaaram netflix",Tense,Action,Action,"Survival, Sacrifice",1.0,2025-07-29T08:42:44.868549+00:00,1753778564,149,en
This Scene Has A Separate Fan Base #primevideoindia,https://www.youtube.com/watch?v=tFbcu7chihA,"kaala patthar, shatrughan sinha, coal kaala, bachchan shatrughan, ravi shashi",Inspiring,Action,Action,"Hope, Survival",1.0,2025-07-29T08:50:22.463125+00:00,1753779022,60,en
Fight Club (1/5) Movie CLIP - I Want You to Hit Me (1999) HD,https://www.youtube.com/watch?v=CR5Jp_ag2M8,"movie fight, fight club, club movie, tyler brad, fight narrator",Dark,Drama,Drama,"Family, Betrayal",1.0,2025-07-29T08:41:27.392245+00:00,1753778487,136,en
Fight Club (3/5) Movie CLIP - Chemical Burn (1999) HD,https://www.youtube.com/watch?v=zvtUrjfnSnA,"movie fight, durden brad, pitt thriller, fight club, directed pitt",Tense,Hollywood,Hollywood,"Family, Friendship",1.0,2025-07-29T08:48:59.585258+00:00,1753778939,159,en
Fight Club Scene - The things you own end up owning you,https://www.youtube.com/watch?v=zp-eEVkKh60,"fight club, club scene, possuis acabam, acabam por, te possuir",Tense,Action,Action,"Betrayal, War",0.8,2025-07-29T08:49:37.382715+00:00,1753778977,133,en
"FIGHT CLUB Clip - ""Plane"" (1999) Brad Pitt",https://www.youtube.com/watch?v=tBFVAb1rcE0,"cast brad, plane 1999, 1999 brad, durden brad, tyler durden",Tense,Action,Action,"Loneliness, Survival",1.0,2025-07-29T08:50:53.633597+00:00,1753779053,240,en
Fight Club 1999: Jack finds out the truth.,https://www.youtube.com/watch?v=WKVxKrrbz1E,"1999 jack, fight club, club 1999, jack finds, jack",Thrilling,Action,Action,"War, Revenge",0.8,2025-07-29T08:51:07.169881+00:00,1753779067,223,en
"After Dark - Fight Club | REJECT WEAKNESS, EMBRACE MASCULINITY",https://www.youtube.com/watch?v=jBT4_Cx5ihs,"tylerdurden masculinity, masculinity fightclub, fight club, fightclub tylerdurden, dark fight",Inspiring,Action,Action,"Survival, Revenge",1.0,2025-07-29T08:52:00.634462+00:00,1753779120,262,en
Trigger - Moon Baek Fight Club Scene | Q Clips,https://www.youtube.com/watch?v=Ou_ugeGOY9o,"trigger moon, moon baek, baek fight, trigger fightscene, fight scene",Tense,Action,Action,"Survival, War",1.0,2025-07-29T08:52:23.639196+00:00,1753779143,172,en
Fight Club - Let Go Scene,https://www.youtube.com/watch?v=38FMDG7tiA4,"fight club, seminar stop, retreat, weekend retreat, retreat goddamn",Dark,Action,Action,"War, Loneliness",1.0,2025-07-29T08:52:44.778054+00:00,1753779164,176,en
Fight Club Best Scenes - Tyler Does A Favor To Raymond,https://www.youtube.com/watch?v=HINIK3pIOp4,"favorite filmmakers, filmmakers filmscout, filmscout app, movies tv, app filmscout",Tense,Action,Action,"Friendship, War",1.0,2025-07-29T08:53:44.325696+00:00,1753779224,144,en
Fight Club Lou Scene,https://www.youtube.com/watch?v=pCa1hZ7s-8g,"fight club, lou scene, scene fight, club lou, vs lou",Thrilling,Action,Action,"Revenge, War",1.0,2025-07-29T08:54:13.372220+00:00,1753779253,205,en
"Fight Club ""Homework"" Scene",https://www.youtube.com/watch?v=Tpa1bnhZMis,"homework scene, fight club, scene, club homework, club",Tense,Action,Action,"Revenge, War",0.8,2025-07-29T08:54:25.653645+00:00,1753779265,113,en
Fight Club (5/5) Movie CLIP - Letting Yourself Become Tyler Durden (1999) HD,https://www.youtube.com/watch?v=eCKRI2wEw7I,"durden brad, tyler durden, durden 1999, movie fight, norton brad",Thrilling,Bollywood,Bollywood,"Betrayal, Sacrifice",1.0,2025-07-29T08:57:19.270078+00:00,1753779439,158,en
Fight Club Office Threat Scene,https://www.youtube.com/watch?v=l9EzK-719aE,"threat scene, fight club, office threat, club office, scene",Tense,Drama,Drama,"Revenge, War",0.8,2025-07-29T08:57:31.405466+00:00,1753779451,77,en
"Fight Club -  ""Raymond K. Hessel - The Vet"" Original Scene",https://www.youtube.com/watch?v=Gd_6b7rpeEI,"tyler raymond, raymond tyler, raymond whimpering, raymond raymond, raymond",Tense,Action,Action,"Survival, Sacrifice",1.0,2025-07-29T08:59:46.845540+00:00,1753779586,189,en
Fight Club (2/5) Movie CLIP - The First Rule of Fight Club (1999) HD,https://www.youtube.com/watch?v=dC1yHLp9bWA,"fight club, movie fight, club movie, club film, durden brad",Tense,Documentary,Documentary,"Friendship, Betrayal",1.0,2025-07-29T09:03:46.787199+00:00,1753779826,160,en
"Fight Club (1999) - ""Homework""/'Space Monkeys' scene [1080p]",https://www.youtube.com/watch?v=WWNrPCakd2I,"dust brothers, fight club, club 1999, monkeys scene, space monkeys",Humorous,Comedy,Comedy,"War, Loneliness",1.0,2025-07-29T09:04:36.352745+00:00,1753779876,98,en
Fight Club Best Scenes - Speech About Modern Life,https://www.youtube.com/watch?v=Zi9ivZL7vmA,"fight club, thoughts movies, movies tv, projects filmscout, filmmakers filmscout",Dark,Action,Action,"War, Betrayal",1.0,2025-07-29T09:05:52.543099+00:00,1753779952,74,en
Fight Club 1999 - Parking Tyler Vs Tyler Scene HD,https://www.youtube.com/watch?v=OzLI1WVSGMQ,"tyler brad, tyler scene, soap tyler, tyler durden, vs tyler",Dark,Drama,Drama,"Friendship, Loneliness",1.0,2025-07-29T09:07:36.659667+00:00,1753780056,115,en
Gone Girl (2014) HD - Cool Girl,https://www.youtube.com/watch?v=0o4heKCLeTs,"gone girl, movie gone, girl amy, amy goes, girl 2014",Chill,Hollywood,Hollywood,"Love, Revenge",1.0,2025-07-29T09:08:16.925803+00:00,1753780096,157,en
Gone Girl 2014 - Amy Dunne Lays Out Her Plan Part 1/2,https://www.youtube.com/watch?v=Q-0had_dhQo,"gone girl, girl 2014, amy dunne, 2014 amy, scene parts",Tense,Drama,Drama,"Survival, Revenge",1.0,2025-07-29T09:08:40.896748+00:00,1753780120,146,en
Gone Girl 2014 - Amy Dunne Lays Out Her Plan Part 2/2,https://www.youtube.com/watch?v=FpFkaB_9DHI,"gone girl, girl 2014, amy dunne, 2014 amy, scene parts",Tense,Drama,Drama,"Betrayal, Survival",1.0,2025-07-29T09:08:55.823671+00:00,1753780135,187,en
"""Gone Girl"" movie: that's marriage",https://www.youtube.com/watch?v=Uk7uRYjj8RM,"movie marriage, gone girl, girl movie, marriage, movie",Romantic,Romance,Romance,"Love, Family",0.8,2025-07-29T09:09:02.135877+00:00,1753780142,94,en
Gone Girl Cool Girl Monologue,https://www.youtube.com/watch?v=_LugxvslE04,"girl monologue, gone girl, monologue, girl cool, girl",Chill,Comedy,Comedy,"Friendship, Survival",0.8,2025-07-29T09:09:08.655717+00:00,1753780148,80,it
amy‚Äôs cool girl monologue [gone girl] with lyrics,https://www.youtube.com/watch?v=4nj6nH6I-as,"amy cool, nick amy, nick teased, amy gone, nick loved",Humorous,Action,Action,"Betrayal, Survival",1.0,2025-07-29T09:10:33.706568+00:00,1753780233,151,en
Rosamund Pike's 'Cool Girl' monologue | Gone Girl | ABC TV + iview,https://www.youtube.com/watch?v=6G7fJKE7gEo,"rosamund pike, girl abc, amy rosamund, girl monologue, amy gone",Inspiring,Action,Action,"Love, Survival",1.0,2025-07-29T09:11:40.221089+00:00,1753780300,87,en
Gone Girl - Cool Girl Monologue,https://www.youtube.com/watch?v=89tOxXMzo-Q,"girl monologue, gone girl, monologue, girl cool, girl",Inspiring,Comedy,Comedy,"Friendship, Survival",0.8,2025-07-29T09:11:53.326926+00:00,1753780313,123,it
Gone girl Cool Girl monologue (clean),https://www.youtube.com/watch?v=k0LHKbtfJaA,"girl monologue, monologue clean, gone girl, monologue, girl cool",Chill,Comedy,Comedy,"Friendship, Love",0.8,2025-07-29T09:12:08.248494+00:00,1753780328,103,it
Marriage Story - Laura Dern's Monologue,https://www.youtube.com/watch?v=Zpwbyrpzi4Y,"marriagestory lauradern, marriage story, laura dern, character marriage, scene marriagestory",Thrilling,Hollywood,Hollywood,"Family, Survival",1.0,2025-07-29T09:12:34.578347+00:00,1753780354,84,en
Gone Girl -TV show scene,https://www.youtube.com/watch?v=j8-6cighlF0,"scene nick, nick goes, gone girl, nick, tv scene",Tense,Action,Action,"Love, Friendship",0.8,2025-07-29T09:12:48.616879+00:00,1753780368,113,en
Monologue - The Villain - Amy Dunne - Gone Girl - For StageMilk,https://www.youtube.com/watch?v=rH8lpNk-2pY,"monologue villain, girl stagemilk, monologue, amy dunne, villain amy",Thrilling,Drama,Drama,"Betrayal, Revenge",0.8,2025-07-29T09:13:02.302882+00:00,1753780382,220,en
"Gone Girl | ""Should I Know My Wife's Blood Type?"" Clip [HD] | 20th Century FOX",https://www.youtube.com/watch?v=5KNvRccCgME,"nick dunne, missing wife, dunne ben, rosamund pike, gone girl",Tense,Hollywood,Hollywood,"Friendship, Love",1.0,2025-07-29T09:14:53.234616+00:00,1753780493,89,en
Gone Girl (2014) - Nick's Infidelity Scene,https://www.youtube.com/watch?v=FXO8Fykvuv8,"gone girl, movie gone, infidelity scene, nick infidelity, girl director",Tense,Action,Action,"Betrayal, Survival",1.0,2025-07-29T09:15:03.464161+00:00,1753780503,71,en
Babe wake up the cool girl monologue just dropped. | Gone Girl,https://www.youtube.com/watch?v=GiIQu5jMJew,"babe wake, girl gone, gonegirl primevideo, gone girl, pretty gonegirl",Tense,Hollywood,Hollywood,"Survival, Friendship",1.0,2025-07-29T09:15:24.927703+00:00,1753780524,77,en
The girls final dinner (Carrie Coons monologue; White Lotus S03E08),https://www.youtube.com/watch?v=ikleyT_4j0w,"dinner carrie, monologue white, carrie coons, hbo whitelotus, final dinner",Romantic,Hollywood,Hollywood,"Family, Friendship",1.0,2025-07-29T09:15:35.962742+00:00,1753780535,231,en
Gone Girl Monologue Scene Remake,https://www.youtube.com/watch?v=x1rH1qW7_lE,"girl monologue, gone girl, monologue scene, periodismo audiovisual, scene remake",Tense,Action,Action,"Betrayal, Revenge",1.0,2025-07-29T09:15:47.250892+00:00,1753780547,82,es
Joker Stairs Dance Complete Scene (4K),https://www.youtube.com/watch?v=NgrM4_JMi9w,"joker stairs, stairs dance, joker, stairs, scene 4k",Thrilling,Comedy,Comedy,"Revenge, Family",0.8,2025-07-29T09:15:54.675700+00:00,1753780554,92,en
"Stairs dance | Joker [UltraHD, HDR]",https://www.youtube.com/watch?v=JeyVU4nMWCg,"dance joker, joker director, joker 2019, joker, joker2019 joker",Thrilling,Action,Action,"Friendship, War",1.0,2025-07-29T09:16:20.798127+00:00,1753780580,299,en
Gary Glitter - Rock & Roll Part II | Joker OST,https://www.youtube.com/watch?v=zWakSmT2c3A,"joker soundtrack, music joker, gary glitter, joker 2019, glitter rock",Tense,Hollywood,Hollywood,"Survival, Revenge",1.0,2025-07-29T09:16:33.472823+00:00,1753780593,213,en
Joker 2019 Arthur on the stairs. Returns home to a high-rise apartment,https://www.youtube.com/watch?v=JkIEYUaqgZ0,"joker 2019, joker, joker director, joker2019 joker, joker dc",Humorous,Action,Action,"War, Love",1.0,2025-07-29T09:17:09.452914+00:00,1753780629,75,en
Joker - stairs scene (student project),https://www.youtube.com/watch?v=IJtawJh0k6w,"joker song, joker stairs, stairs scene, grading movie, movie joker",Humorous,Comedy,Comedy,"Survival, Family",1.0,2025-07-29T09:17:20.423803+00:00,1753780640,286,en
Joker (2019) Stair Dance Scene,https://www.youtube.com/watch?v=gQuCEKuAMOw,"stair dance, joker 2019, dance scene, 2019 stair, joker",Humorous,Comedy,Comedy,"Revenge, Survival",0.8,2025-07-29T09:17:27.795504+00:00,1753780647,74,en
Joker - That's Life - Final Scene 1080 p,https://www.youtube.com/watch?v=HUgZ7kztPBs,"joker life, joker, scene 1080, final scene, scene",Tense,Comedy,Comedy,"Survival, Betrayal",0.8,2025-07-29T09:17:34.639435+00:00,1753780654,179,en
Joker Stairs Dance Complete Scene / Arthur Becomes Joker  2019,https://www.youtube.com/watch?v=8_8Wwno3JbI,"joker fair, joker 2019, joker, 2019 joker, arthur joker",Tense,Action,Action,"Loneliness, Survival",1.0,2025-07-29T09:18:06.528316+00:00,1753780686,205,en
JOKER Stairs Dancing Scene - JOKER (2019) Movie CLIP HD,https://www.youtube.com/watch?v=k1z-45O-ZHQ,"joker stairs, scene joker, joker 2019, clip joker, joker",Tense,Comedy,Comedy,"Hope, Revenge",0.8,2025-07-29T09:18:31.559829+00:00,1753780711,200,en
ü§°Joker Movieüï∫Stair Dancing üî´ Complete Scene - Joaquin Phoenix,https://www.youtube.com/watch?v=FzZwdEzTeU4,"scene joaquin, phoenix movie, joaquin phoenix, joaquin, dancing complete",Tense,Comedy,Comedy,"Survival, Family",1.0,2025-07-29T09:19:14.882655+00:00,1753780754,80,en
The Joker Stairs Dance Scene,https://www.youtube.com/watch?v=4ed8noLRkzM,"joker stairs, scene joker, best scene, dance scene, movie joker",Thrilling,Action,Action,"Survival, Revenge",1.0,2025-07-29T09:19:28.242537+00:00,1753780768,63,en
Joker's Pencil Trick Scene - The Dark Knight (2008) Movie CLIP HD,https://www.youtube.com/watch?v=votcOf5cYCM,"joker pencil, joker, hd joker, joker heath, dark knight",Dark,Action,Action,"Survival, Hope",1.0,2025-07-29T09:19:45.332983+00:00,1753780785,199,en
The Dark Knight 4K HDR | Joker Party Scene,https://www.youtube.com/watch?v=X2FV2E34Bwo,"joker dark, scene joker, gotham batman, joker, dark knight",Dark,Action,Action,"Survival, Friendship",1.0,2025-07-29T09:20:24.547758+00:00,1753780824,251,en
"Batman interrogates the Joker | The Dark Knight [4k, HDR]",https://www.youtube.com/watch?v=jane6C4rIwc,"batman interrogates, interrogates joker, joker dark, joker, batman",Dark,Action,Action,"Friendship, Survival",1.0,2025-07-29T09:21:17.348653+00:00,1753780877,297,en
Bank Heist (Joker) | The Dark Knight [IMAX],https://www.youtube.com/watch?v=vetKTtM7YyU,"joker dark, batman, gotham batman, joker, ledger joker",Dark,Action,Action,"Friendship, Survival",1.0,2025-07-29T09:22:34.829472+00:00,1753780954,295,en
Joker Hospital Scene - The Dark Knight (2008) Movie Clip HD,https://www.youtube.com/watch?v=pVz0k5AzM6A,"joker hospital, joker, hd joker, dark knight, hospital scene",Dark,Action,Action,"Survival, Hope",1.0,2025-07-29T09:23:30.060518+00:00,1753781010,78,en
The Dark Knight (2008) - Joker's Magic Trick Scene | Movieclips,https://www.youtube.com/watch?v=ppOVLojanC8,"knight joker, joker heath, joker, 2008 joker, joker magic",Dark,Hollywood,Hollywood,"Friendship, Love",1.0,2025-07-29T09:25:27.848444+00:00,1753781127,178,en
"Do i really look a guy with a plan? | The Dark Knight [4k, HDR]",https://www.youtube.com/watch?v=ylwMWpbv5Fk,"batman, gotham batman, wayne batman, batman heath, joker",Dark,Drama,Drama,"Friendship, Survival",1.0,2025-07-29T09:26:51.317482+00:00,1753781211,260,en
The Dark Knight: TV scene  HD,https://www.youtube.com/watch?v=jeb5UmOrvmM,"joker tv, knight tv, hd joker, dark knight, joker",Dark,Action,Action,"Revenge, Betrayal",1.0,2025-07-29T09:27:14.196711+00:00,1753781234,66,en
Now I'm always smiling | The Dark Knight,https://www.youtube.com/watch?v=koADXiKl8_s,"batman, wayne batman, gotham batman, joker, batman heath",Dark,Action,Action,"Survival, Friendship",1.0,2025-07-29T09:27:44.006554+00:00,1753781264,247,en
"8K HDR . HIT ME! (Batman on Batpod vs Joker) | The Dark Knight [8k, HDR, IMAX] (Joker gets Caught )",https://www.youtube.com/watch?v=wm7U8nEH59o,"imax joker, joker joker, vs joker, joker dark, batman",Dark,Action,Action,"Survival, Love",1.0,2025-07-29T09:28:05.217486+00:00,1753781285,208,en
Batman The Dark Knight Joker burning the money scene,https://www.youtube.com/watch?v=JVL3Kz_x2MA,"batman dark, knight joker, joker burning, dark knight, batman",Dark,Action,Action,"Betrayal, Revenge",1.0,2025-07-29T09:28:27.086500+00:00,1753781307,97,en
"HIT ME! (Batman on Batpod vs Joker) | The Dark Knight [4k, HDR, IMAX]",https://www.youtube.com/watch?v=1BmLvIjyMd4,"batman vs, hit batman, batman, vs joker, gotham batman",Dark,Action,Action,"Friendship, Survival",1.0,2025-07-29T09:28:52.437229+00:00,1753781332,287,en
"Why so serious? | The Dark Knight [4k, HDR]",https://www.youtube.com/watch?v=PoyejjJGajk,"batman, gotham batman, joker, batman heath, dark knight",Dark,Drama,Drama,"Friendship, Survival",1.0,2025-07-29T09:29:16.342514+00:00,1753781356,234,en
The Dark Knight (2008) - Some Men Just Want to Watch the World Burn Scene | Movieclips,https://www.youtube.com/watch?v=SIYkhb2NjfE,"dark knight, joker heath, batman christian, batman, joker",Dark,Hollywood,Hollywood,"Love, Survival",1.0,2025-07-29T09:29:57.477560+00:00,1753781397,98,en
"This city deserves a better class of criminal | The Dark Knight [4k, HDR]",https://www.youtube.com/watch?v=jAgGqQDv32k,"gotham batman, batman, gotham, dark knight, wayne batman",Dark,Action,Action,"Friendship, Survival",1.0,2025-07-29T09:30:29.635865+00:00,1753781429,292,en
Heath Ledger - Joker- The Dark Knight- Batman- The best scene-,https://www.youtube.com/watch?v=rUG1TssM7U8,"ledger joker, best scene, batman best, dark knight, joker dark",Dark,Action,Action,"Survival, Betrayal",1.0,2025-07-29T09:30:45.361917+00:00,1753781445,216,en
"Kill the Batman (The Joker meets the Mob) | The Dark Knight [4k, HDR, IMAX]",https://www.youtube.com/watch?v=L3oOldViIgY,"batman joker, scene joker, joker meets, joker, kill batman",Dark,Drama,Drama,"Survival, Family",1.0,2025-07-29T09:31:41.880025+00:00,1753781501,279,en
"And Here We Go (Batman vs Joker) | The Dark Knight [4k, HDR, IMAX]",https://www.youtube.com/watch?v=24cQfQJ79Rs,"vs joker, batman vs, batman, joker, gotham batman",Dark,Action,Action,"Friendship, Survival",1.0,2025-07-29T09:32:54.484361+00:00,1753781574,285,en
Interstellar - Docking Scene (HDR - 4K - 5.1),https://www.youtube.com/watch?v=onVhbeY7nLM,"4k hdr, hdr 4k, hdr viewing, hdr tv, real hdr",Tense,Action,Action,"Survival, Family",1.0,2025-07-29T09:33:48.577171+00:00,1753781628,259,en
Hans Zimmer LIVE - Docking Scene (No Time for Caution),https://www.youtube.com/watch?v=1YoSdfrb5GM,"docking scene, movie live, live docking, live performance, audio",Tense,Action,Action,"War, Survival",1.0,2025-07-29T09:34:10.898205+00:00,1753781650,255,en
Interstellar Official Soundtrack | No Time For Caution ‚Äì Hans Zimmer | WaterTower,https://www.youtube.com/watch?v=kpK4cDk2bRs,"listen interstellar, film interstellar, follow interstellar, interstellar starring, interstellar",Thrilling,Action,Action,"Survival, Hope",1.0,2025-07-29T09:36:53.740613+00:00,1753781813,246,en
Hans Zimmer - No Time For Caution (Interstellar Soundtrack)(Docking)(Interstellar OST),https://www.youtube.com/watch?v=m3zvVGJrTP8,"caution interstellar, interstellar, interstellar filmed, interstellar interstellar, interstellar 2014",Tense,Hollywood,Hollywood,"Hope, Family",1.0,2025-07-29T09:39:42.351664+00:00,1753781982,240,en
Interstellar Docking Scene in 4k 60FPS [OT] (AI Upscale),https://www.youtube.com/watch?v=lD-fC_wJsag,"interstellar docking, docking scene, docking, interstellar, scene 4k",Tense,Action,Action,"Hope, Survival",0.8,2025-07-29T09:39:57.149384+00:00,1753781997,194,de
Landing on Miller's Planet from Interstellar,https://www.youtube.com/watch?v=Vel3ZxD0XGY,"miller planet, planet interstellar, interstellar, interstellar reimagined, simulated miller",Inspiring,Action,Action,"Sacrifice, Revenge",1.0,2025-07-29T09:40:24.486059+00:00,1753782024,252,en
Interstellar - Docking Scene (1080p),https://www.youtube.com/watch?v=jnDjdrfilzI,"interstellar docking, docking scene, interstellar, scene 1080p, docking",Tense,Action,Action,"Hope, Survival",0.8,2025-07-29T09:40:41.390823+00:00,1753782041,294,sv
Interstellar 4K HDR IMAX | Into The Black Hole - Gargantua 1/2,https://www.youtube.com/watch?v=OA3Txp94pjs,"blackhole interstellar, interstellar, interstellar travel, survival interstellar, interstellar 4k",Inspiring,Action,Action,"Survival, Family",1.0,2025-07-29T09:42:24.484321+00:00,1753782144,273,en
"Interstellar - Docking: It's not possible! No, it's necessary...",https://www.youtube.com/watch?v=NXfXPBcbqYk,"interstellar docking, necessary robot, docking possible, interstellar, robot possible",Tense,Action,Action,"Betrayal, Survival",0.8,2025-07-29T09:42:48.530920+00:00,1753782168,262,en
Do Not Attempt To Dock !  Override ! - Interstellar (2014) - Movie Clip 4K HD Scene,https://www.youtube.com/watch?v=IqcRtp_iYeU,"premiere interstellar, interstellar 2014, interstellar paramount, override interstellar, interstellar",Inspiring,Hollywood,Hollywood,"Family, Friendship",1.0,2025-07-29T09:45:56.103814+00:00,1753782356,275,en
Interstellar - Docking Scene (HDR - 4K - 5.1 60Fps),https://www.youtube.com/watch?v=l1qfXkkCyo0,"interstellar docking, 60fps interstellar, interstellar, docking scene, interstellardockingscene",Tense,Action,Action,"Revenge, Friendship",1.0,2025-07-29T09:47:54.755931+00:00,1753782474,194,en
Inception (2010) - The Hallway Fight Scene (6/10) | Movieclips,https://www.youtube.com/watch?v=X-KDt-G1pJ0,"inception hallway, movie inception, inception, inception 2010, inception scenes",Inspiring,Action,Action,"Friendship, Survival",1.0,2025-07-29T09:49:06.851640+00:00,1753782546,138,en
Inception - Hallway Fights (HDR - 4K - 5.1),https://www.youtube.com/watch?v=P2tfZksgEy4,"youtube hdr, hdr 4k, hdr tv, 4k hdr, hdr viewing",Tense,Action,Action,"Hope, Family",1.0,2025-07-29T10:31:19.699800+00:00,1753785079,168,en
Destabilization (Hallway Fight) - Inception (Complete Score) by Hans Zimmer,https://www.youtube.com/watch?v=YliSagvoM5s,"destabilization hallway, fight inception, score inception, hallway fight, inception complete",Tense,Action,Action,"War, Survival",1.0,2025-07-29T10:31:55.676803+00:00,1753785115,163,en
Inception 4K HDR | Hallway Fight Scene,https://www.youtube.com/watch?v=WE8gCHa_XOk,"scene inception, dream inception, nolan starring, christopher nolan, inception",Inspiring,Action,Action,"Friendship, Survival",1.0,2025-07-29T10:34:03.093363+00:00,1753785243,140,en
Inception Hallway Fight HD 1080p Blu Ray,https://www.youtube.com/watch?v=i6XkEEzjVFA,"inception hallway, inception blu, inception, copy inception, movie 1080p",Inspiring,Action,Action,"Hope, War",1.0,2025-07-29T10:35:29.767493+00:00,1753785329,180,en
[MF] Inception - Rotating Hallway Fight - HD,https://www.youtube.com/watch?v=NCfdFmbWFpk,"mf inception, hallway fight, inception rotating, fight hd, rotating hallway",Thrilling,Action,Action,"War, Revenge",0.8,2025-07-29T10:35:56.161695+00:00,1753785356,171,en
Tenet | Hallway Fight Rescored (Inception),https://www.youtube.com/watch?v=FQZTfIfhsOw,"tenet inception, movie tenet, inception hallway, tenet hallway, inception christopher",Tense,Action,Action,"War, Survival",1.0,2025-07-29T10:37:13.589886+00:00,1753785433,203,en
Inception - Planning Scene (HDR - 4K - 5.1),https://www.youtube.com/watch?v=xzjXa92B9J8,"hdr 4k, 4k hdr, youtube hdr, hdr viewing, scene hdr",Tense,Hollywood,Hollywood,"Family, Love",1.0,2025-07-29T10:38:43.396877+00:00,1753785523,248,en
Inception - Mombasa Chase (HDR - 4K - 5.1),https://www.youtube.com/watch?v=y5-Srk_RT0w,"hdr 4k, 4k hdr, hdr viewing, youtube hdr, hdr tv",Dark,Action,Action,"Hope, Family",1.0,2025-07-29T10:40:18.796603+00:00,1753785618,270,en
INCEPTION - Hallway Fight Scene - Rotation Stabilized. (side by side comparison),https://www.youtube.com/watch?v=dgEMhnlfY1Y,"inception hallway, inception 2010, movie inception, inception, fight scene",Inspiring,Action,Action,"Survival, Hope",1.0,2025-07-29T10:41:29.886993+00:00,1753785689,136,en
Behind the Scenes on INCEPTION | How They Made The Huge Revolving Corridor Fight Scene.,https://www.youtube.com/watch?v=R2V2qmyC2qo,"vulnerable cobb, enemy cobb, cobb seen, cobb skilled, cobb",Inspiring,Hollywood,Hollywood,"Hope, Love",1.0,2025-07-29T10:43:39.376144+00:00,1753785819,139,en
Inception- Joseph Gordon-Levitt Hallway Fight Scene,https://www.youtube.com/watch?v=ybX9nVLtNi4,"fight scene, inception, scene, hallway fight, inception joseph",Tense,Action,Action,"War, Revenge",0.8,2025-07-29T10:44:03.990800+00:00,1753785843,86,en
Inception Rotating Hall and Zero Gravity Fight Scenes,https://www.youtube.com/watch?v=0Aw7fxwMJ0Q,"inception rotating, rotating hall, hall zero, inception, fight scenes",Thrilling,Action,Action,"War, Revenge",0.8,2025-07-29T10:44:26.526788+00:00,1753785866,235,en
Inception - Ariadne Learns How To Build Dreams (HDR - 4K - 5.1),https://www.youtube.com/watch?v=ZszlJQhj4aA,"dreams hdr, 4k hdr, hdr 4k, youtube hdr, hdr viewing",Tense,Action,Action,"Family, Hope",1.0,2025-07-29T10:46:02.896912+00:00,1753785962,270,en
Whiplash Amazing Final Performance (Caravan) (Part 1) | Whiplash (2014) | 1080p HD,https://www.youtube.com/watch?v=ZZY-Ytrw2co,"whiplash amazing, whiplash 2014, whiplash best, whiplash, whiplash vid",Inspiring,Action,Action,"Friendship, Survival",1.0,2025-07-29T10:47:43.329576+00:00,1753786063,290,en
Whiplash Finale (Caravan) (Part 2) | Whiplash (2014) | 1080p HD,https://www.youtube.com/watch?v=2TAfvMn8_EQ,"whiplash finale, whiplash 2014, whiplash, whiplash best, whiplash vid",Inspiring,Action,Action,"Friendship, Survival",1.0,2025-07-29T10:49:23.516411+00:00,1753786163,290,en
"Whiplash Bar Scene - ""Good job.""",https://www.youtube.com/watch?v=S6vTI5g198E,"whiplash bar, whiplash, bar scene, job fletcher, scene good",Tense,Action,Action,"Survival, Hope",1.0,2025-07-29T10:50:07.166810+00:00,1753786207,254,en
Whiplash - Break Up clip,https://www.youtube.com/watch?v=MsWlktW0kj4,"zijn band, ambitieuze drummer, drummer van, beste drummer, van zijn",Tense,Drama,Drama,"Hope, Survival",1.0,2025-07-29T10:52:30.261389+00:00,1753786350,111,nl
JK SIMMONS TALKS WHIPLASH,https://www.youtube.com/watch?v=RPeHgv-z-xA,"inside instagram, whiplash insideofyou, inside twitter, instagram, insideofyoulive",Dark,Action,Action,"Betrayal, Family",1.0,2025-07-29T10:54:55.198078+00:00,1753786495,60,en
Whiplash,https://www.youtube.com/watch?v=-jAtHf9RA4w,"whiplash original, whiplash hank, whiplash, levy whiplash, whiplash provided",Tense,Hollywood,Hollywood,"Survival, War",1.0,2025-07-29T10:56:04.580319+00:00,1753786564,115,en
WHIPLASH DRUM SOLO - GREYSON NEKRUTMAN,https://www.youtube.com/watch?v=45UQSmiMGaI,"whiplash drum, drums meinl, pearl drums, drums, drumheads",Inspiring,Action,Action,"Family, Hope",1.0,2025-07-29T10:57:18.935157+00:00,1753786638,283,en
A breakdown of the final scenes in Whiplash,https://www.youtube.com/watch?v=y7mIVxbPfeI,"scenes whiplash, whiplash sony, whiplash, final scenes, scenes",Tense,Action,Action,"Betrayal, Survival",0.8,2025-07-29T10:57:44.579245+00:00,1753786664,60,en
Fletcher Humiliates Tanner (Turn Neiman's pages) - Whiplash (2014) - Movie Clip Full HD 4K Scene,https://www.youtube.com/watch?v=i_M6_Z3d0LU,"fletcher humiliates, fletcher, whiplash, humiliates tanner, whiplash 2014",Humorous,Drama,Drama,"Betrayal, Family",1.0,2025-07-29T11:00:12.415289+00:00,1753786812,68,en
The Ending of ‚ÄòWhiplash‚Äô: Masterpiece or Misfire? | Movie Breakdown & Alternate Ending,https://www.youtube.com/watch?v=D1zxgIsKVWk,"ending whiplash, whiplash masterpiece, chazelle whiplash, whiplash 2014, whiplash explores",Thrilling,Action,Action,"Survival, Love",1.0,2025-07-29T11:02:25.271545+00:00,1753786945,96,en
Prisoners (2013) Creepy House Snakes Scene  | HD,https://www.youtube.com/watch?v=KbkDi7z6anE,"snakes scene, house snakes, prisoners 2013, creepy house, snakes",Dark,Documentary,Documentary,"Betrayal, Survival",0.8,2025-07-29T11:02:52.508528+00:00,1753786972,300,en
Prisoners (2013) Car Fight Argument Scene  | HD,https://www.youtube.com/watch?v=4puEuyCaaHw,"daughter scene, prisoners 2013, argument scene, scene, car fight",Tense,Drama,Drama,"Revenge, Betrayal",0.8,2025-07-29T11:03:18.028503+00:00,1753786998,211,de
Prisoners 2013 Jake Gyllenhaal rage scene,https://www.youtube.com/watch?v=xCyzdQ8kqis,"scene prisoners, jake gyllenhaal, prisoners 2013, matters prisoners, starring jake",Thrilling,Action,Action,"War, Survival",1.0,2025-07-29T11:04:23.436938+00:00,1753787063,139,en
Prisoners (2013) Saving Anna Rescue Scene  | HD,https://www.youtube.com/watch?v=gCRiJX9diWE,"anna rescue, prisoners 2013, saving anna, rescue scene, anna",Tense,Documentary,Documentary,"Survival, Sacrifice",0.8,2025-07-29T11:04:46.369073+00:00,1753787086,178,en
Prisoners - Where's my Daughter,https://www.youtube.com/watch?v=vUQjk7HmZJA,"daughter prisoners, prisoners daughter, prisoners 2013, scene gold, prisoners",Thrilling,Documentary,Documentary,"Family, Survival",1.0,2025-07-29T11:05:24.681527+00:00,1753787124,168,en
[Prisoners] Intense interrogation scene,https://www.youtube.com/watch?v=tte4jNM5oZ4,"interrogation scene, favorite scenes, prisoners intense, intense interrogation, scene favorite",Thrilling,Action,Action,"Hope, Betrayal",1.0,2025-07-29T11:06:35.075018+00:00,1753787195,163,en
American Psycho - Business card scene,https://www.youtube.com/watch?v=E1nSwpxRuJo,"psycho 2000, american psycho, psycho business, 2000 imdb, psycho",Tense,Action,Action,"Revenge, Survival",0.8,2025-07-29T11:07:10.154312+00:00,1753787230,177,en
American Psycho - Business Card scene [HD - 720p],https://www.youtube.com/watch?v=aZVkW9p-cCU,"business cards, psycho business, cards business, business card, card scene",Thrilling,Action,Action,"Survival, Revenge",1.0,2025-07-29T11:07:51.050002+00:00,1753787271,95,en
'Luis's Business Card Sets Patrick Off' Scene | American Psycho,https://www.youtube.com/watch?v=ZykMMrOTrZI,"american psycho, psycho luis, psycho 2000, movies midnight, moviesaftermidnight americanpsycho",Dark,Action,Action,"Survival, Betrayal",1.0,2025-07-29T11:09:27.505859+00:00,1753787367,134,en
If American Psycho were about Programmers,https://www.youtube.com/watch?v=uHt01D6rOLI,"game parody, psycho programmers, ybyi7e2pqwe parody, parody scene, parody https",Humorous,Action,Action,"Survival, Family",1.0,2025-07-29T11:10:55.715789+00:00,1753787455,176,en
Business Card Obsession | American Psycho,https://www.youtube.com/watch?v=KlYH-hmxOqc,"american psycho, card obsession, patrick bateman, psycho patrick, business cards",Dark,Action,Action,"Survival, Revenge",1.0,2025-07-29T11:12:10.036154+00:00,1753787530,178,en
American Psycho - Graphics Card Scene,https://www.youtube.com/watch?v=MWWfT7tdb6s,"rtx 3090, 3090 thicc, rtx, scene rtx, psycho graphics",Dark,Action,Action,"Revenge, Betrayal",0.8,2025-07-29T11:12:34.467136+00:00,1753787554,71,en
American Psycho (2/12) Movie CLIP - Business Cards (2000) HD,https://www.youtube.com/watch?v=AD5N-le_1es,"american psycho, psycho movie, patrick bateman, bateman prototypical, psycho",Tense,Bollywood,Bollywood,"Betrayal, Family",1.0,2025-07-29T11:17:40.863072+00:00,1753787860,122,en
Morning Routine - American Psycho (1/12) Movie CLIP (2000) HD,https://www.youtube.com/watch?v=RjKNbfA64EE,"american psycho, psycho movie, bateman prototypical, patrick bateman, psycho",Inspiring,Action,Action,"Betrayal, Friendship",1.0,2025-07-29T11:23:16.671040+00:00,1753788196,174,en
"American Psycho, but for Dating Profiles",https://www.youtube.com/watch?v=XVAUmlXiZH0,"dating profiles, profiles, psycho dating, slappersonly facebook, stevie_emerson tiktok",Humorous,Action,Action,"Survival, War",1.0,2025-07-29T11:25:59.867311+00:00,1753788359,260,en
American Psycho Business Card Scene (HD 1080P),https://www.youtube.com/watch?v=DkND2f_DZfw,"card scene, card look, card think, allen card, american psycho",Inspiring,Romance,Romance,"Survival, War",1.0,2025-07-29T11:28:01.308958+00:00,1753788481,114,en
American Psycho - Business Card Scene 2,https://www.youtube.com/watch?v=mvV-F7ClyG8,"card scene, psycho business, american psycho, business card, psycho",Dark,Action,Action,"Revenge, Betrayal",0.8,2025-07-29T11:28:27.126273+00:00,1753788507,199,en
'Paul Allen's Business Card Angers Patrick' Scene | American Psycho,https://www.youtube.com/watch?v=BUAExyakpLI,"movies midnight, psycho pierce, american psycho, slasher thriller, shop horror",Dark,Action,Action,"Survival, Betrayal",1.0,2025-07-29T11:29:56.848412+00:00,1753788596,119,en
PATRICK BATEMAN - ''Let's see Paul Allen's card.'',https://www.youtube.com/watch?v=ic-fEw3NbMs,"psycho copyright, coloring fandom, permitted copyright, 107 copyright, copyright",Inspiring,Action,Action,"Survival, Friendship",1.0,2025-07-29T11:31:15.517382+00:00,1753788675,60,en
American Psycho Business Card Scene Recreation,https://www.youtube.com/watch?v=FMhRqQAZmq8,"psycho business, american psycho, scene recreation, film tma, scene film",Tense,Action,Action,"Survival, Revenge",1.0,2025-07-29T11:32:34.181084+00:00,1753788754,183,en
"""Oppenheimer"" clip: Robert Downey Jr. and Cillian Murphy",https://www.youtube.com/watch?v=MkcVWcCIOr4,"cbs sunday, subscribe cbs, cbs news, follow cbs, pacific cbs",Tense,Action,Action,"Betrayal, Survival",1.0,2025-07-29T11:34:29.608981+00:00,1753788869,80,en
"""Oppenheimer"" clip: Trinity",https://www.youtube.com/watch?v=tK0IDmSYYGk,"nolan oppenheimer, oppenheimer clip, film oppenheimer, oppenheimer nominated, robert oppenheimer",Tense,Action,Action,"Survival, Family",1.0,2025-07-29T11:36:42.410300+00:00,1753789002,104,en
"""Oppenheimer"" clip: Emily Blunt and Jason Clarke",https://www.youtube.com/watch?v=9WjPJQYoT8I,"cbs sunday, cbs news, husband cbs, subscribe cbs, follow cbs",Tense,Action,Action,"Survival, Family",1.0,2025-07-29T11:38:36.772063+00:00,1753789116,161,en
3 Minutes of Oppenheimer in 4K | IMAX,https://www.youtube.com/watch?v=uRJQJcy3f8w,"oppenheimer movie, views interstellar, imax camera, interstellar, shot imax",Inspiring,Action,Action,"Family, Love",1.0,2025-07-29T11:41:06.966852+00:00,1753789266,210,en
You Don't Like Real Girls | Blade Runner 2049 [Open Matte],https://www.youtube.com/watch?v=g6u33j_T5VQ,"girls blade, blade runner, girls director, real girls, villeneuve aspect",Tense,Documentary,Documentary,"Survival, Betrayal",1.0,2025-07-29T11:42:13.905876+00:00,1753789333,202,en
Joi Virtual Girlfriend Scene (Blade Runner 2049),https://www.youtube.com/watch?v=VqB-gGP6G9I,"girlfriend scene, joi virtual, scene blade, blade runner, virtual girlfriend",Tense,Action,Action,"Friendship, Love",0.8,2025-07-29T11:42:37.730436+00:00,1753789357,248,de
Blade Runner 2049 (2017) - The Scrapyard Ambush Scene (3/10) | Movieclips,https://www.youtube.com/watch?v=ZjEnS3hA1B4,"blade runner, movie blade, movieclips blade, runner 2049, deckard harrison",Inspiring,Action,Action,"Friendship, Love",1.0,2025-07-29T11:46:17.530500+00:00,1753789577,178,en
Blade Runner 2049 Cells Interlinked Scene 1080p,https://www.youtube.com/watch?v=ZRcpnM26nJM,"scene 1080p, 1080p blade, 1080p, 2049 cells, interlinked scene",Inspiring,Documentary,Documentary,"Survival, War",0.8,2025-07-29T11:46:43.708170+00:00,1753789603,83,da
4 Minutes of Blade Runner 2049 in 4K,https://www.youtube.com/watch?v=kL0cZ6gaihY,"blade runner, enjoy blade, runner 2049, 2049 music, minutes blade",Tense,Action,Action,"Family, Friendship",1.0,2025-07-29T11:48:46.704505+00:00,1753789726,241,en
Blade Runner 2049 Opening Fight Scene | Blade Runner 2049 | Voyage,https://www.youtube.com/watch?v=9jCjB-hFhWk,"blade runner, villeneuve blade, runner 2049, bladerunner2049, scene blade",Tense,Action,Action,"Survival, Hope",1.0,2025-07-29T11:50:28.069797+00:00,1753789828,294,en
DNA Searching Scene (Blade Runner 2049),https://www.youtube.com/watch?v=04He1qcAgv8,"dna searching, dna, searching scene, scene blade, blade runner",Tense,Action,Action,"Betrayal, Survival",0.8,2025-07-29T11:50:56.671699+00:00,1753789856,265,de
Blade Runner 2049 (2017) - They Found Us Scene (7/10) | Movieclips,https://www.youtube.com/watch?v=I4_AaEazcbk,"blade runner, movie blade, deckard harrison, gosling deckard, ryan gosling",Inspiring,Action,Action,"Friendship, Love",1.0,2025-07-29T11:54:53.798086+00:00,1753790093,202,en
Dust Protocol ‚Äì Dystopian Sci-Fi Score | Dark Electronic Soundtrack with Industrial Ambient Tension,https://www.youtube.com/watch?v=hTF_S_l3RH4,"futurebeats dystopianscore, track dust, dust protocol, soundtrack industrial, highlight dust",Dark,Action,Action,"Survival, Loneliness",1.0,2025-07-29T11:58:17.261413+00:00,1753790297,241,en
Blade Runner 2049 (2017) - K vs. Luv Scene (8/10) | Movieclips,https://www.youtube.com/watch?v=BLSFQUjyBQo,"blade runner, movie blade, deckard harrison, officer ryan, movieclips blade",Inspiring,Hollywood,Hollywood,"Family, Love",1.0,2025-07-29T13:08:22.762099+00:00,1753794502,198,en
Blade Runner 2049 4K | Junk Yard Scene,https://www.youtube.com/watch?v=959rTZ4fnk4,"blade runner, scene bladerunner, bladerunner, directed villeneuve, villeneuve starring",Thrilling,Drama,Drama,"War, Survival",1.0,2025-07-29T13:11:59.056875+00:00,1753794719,238,en
Blade Runner 2049 (2017) - I Had to Kill You Scene (5/10) | Movieclips,https://www.youtube.com/watch?v=lIbKD5ovjok,"blade runner, movie blade, movieclips blade, kill scene, runner 2049",Inspiring,Action,Action,"Friendship, Love",1.0,2025-07-29T13:15:59.192586+00:00,1753794959,177,en
Blade Runner 2049 - I know it's real.,https://www.youtube.com/watch?v=6UHCA8uEoTo,"blade runner, runner 2049, blade, 2049, 2049 know",Thrilling,Action,Action,"Betrayal, Survival",0.8,2025-07-29T13:16:20.361444+00:00,1753794980,69,en
Blade Runner 2049 Sea Wall Scene 4K 2160p l Best Quality,https://www.youtube.com/watch?v=MILMyD9Df7M,"blade runner, scene 4k, quality videos, wall scene, runner 2049",Inspiring,Action,Action,"Betrayal, Survival",1.0,2025-07-29T13:17:04.153234+00:00,1753795024,218,en
Blade Runner 2049 - K and Deckard Bar Scene HD,https://www.youtube.com/watch?v=A2uiFOuDq_s,"blade runner, runner 2049, runner film, film blade, plays blade",Tense,Hollywood,Hollywood,"Survival, War",1.0,2025-07-29T13:18:22.359928+00:00,1753795102,297,en
"""I Wanna Ask You Some Questions"" | Blade Runner 2049 | Voyage",https://www.youtube.com/watch?v=Fmet4y3aEU4,"blade runner, questions blade, bladerunner2049, harrisonford blade, bladerunner2049 ryangosling",Inspiring,Action,Action,"Survival, Family",1.0,2025-07-29T13:19:51.746644+00:00,1753795191,297,en
Blade Runner 2049 Scene - Flight to LAPD & Baseline Test [FULL HD],https://www.youtube.com/watch?v=Yv8xEhv_hLE,"blade runner, 2049 scene, scene flight, flight lapd, lapd baseline",Tense,Action,Action,"Betrayal, Survival",0.8,2025-07-29T13:20:16.728664+00:00,1753795216,183,de
"Blade Runner 2049 - Wall Scene [HD] ""Wanna go for a ride?""",https://www.youtube.com/watch?v=KJe3IWZEZ1w,"bladerunnermovie, blade runner, com bladerunnermovie, http bladerunnermovie, bladerunnermovie com",Tense,Action,Action,"Survival, Family",1.0,2025-07-29T13:21:41.747167+00:00,1753795301,108,en
Blade Runner 2049 - Incredible Scene,https://www.youtube.com/watch?v=VuV2c-6js8w,"blade runner, movie belongs, blade, permitted copyright, 107 copyright",Tense,Action,Action,"Family, Survival",1.0,2025-07-29T13:23:01.637349+00:00,1753795381,256,en
Blade Runner 2049 - Deckard Meet Mr. Wallace Scene - Her Eyes Were Green,https://www.youtube.com/watch?v=FXgheg_jU4c,"wallace scene, blade runner, scene eyes, mr wallace, 2049 deckard",Thrilling,Action,Action,"Betrayal, Survival",0.8,2025-07-29T13:23:23.727859+00:00,1753795403,297,nl
Taxi Driver (5/8) Movie CLIP - You Talkin' to Me? (1976) HD,https://www.youtube.com/watch?v=-QWL-FwX4t4,"taxi driver, driver movie, man taxi, night cabby, life taxi",Inspiring,Hollywood,Hollywood,"Family, Survival",1.0,2025-07-29T13:30:03.354225+00:00,1753795803,149,en
You Talking To Me? - Taxi Driver 1976 in HD,https://www.youtube.com/watch?v=lQkpes3dgzg,"1976 hd, driver 1976, scene 1976, film taxi, taxi driver",Thrilling,Action,Action,"Survival, Loneliness",1.0,2025-07-29T13:30:46.642727+00:00,1753795846,79,en
Taxi Driver: You talkin‚Äô to me? Scene (HD CLIP),https://www.youtube.com/watch?v=QkvZxDUXvMg,"movie taxi, taxi driver, clip taxi, travis bickle, taxidriver",Tense,Comedy,Comedy,"Loneliness, Survival",1.0,2025-07-29T13:33:18.596365+00:00,1753795998,259,en
Travis' Training | Taxi Driver | CineClips,https://www.youtube.com/watch?v=nTdQNMx8wCw,"taxi driver, training taxi, watch taxi, taxidriver, taxidriver robertdeniro",Inspiring,Action,Action,"Survival, Hope",1.0,2025-07-29T13:34:44.612025+00:00,1753796084,218,en
Taxi Driver (4/8) Movie CLIP - A Sick Passenger (Martin Scorsese Cameo) (1976) HD,https://www.youtube.com/watch?v=X6frLQWOSlQ,"taxi driver, man taxi, driver movie, life taxi, taxi",Tense,Documentary,Documentary,"Sacrifice, Survival",1.0,2025-07-29T13:41:36.752954+00:00,1753796496,161,en
The Taxi Driver pimp scene,https://www.youtube.com/watch?v=wD9_Sil8CDU,"driver matthew, scene taxi, matthew greasy, favourite scene, matthew",Thrilling,Drama,Drama,"Survival, Revenge",1.0,2025-07-29T13:42:29.021756+00:00,1753796549,176,en
"Scorsese on De Niro improvising ""You talkin' to me"" in Taxi Driver",https://www.youtube.com/watch?v=XW1jRqwFCuY,"talkin taxi, scorsese deniro, scorsese niro, talkin scene, martin scorsese",Thrilling,Action,Action,"Survival, Friendship",1.0,2025-07-29T13:43:52.123306+00:00,1753796632,60,en
Taxi Driver 1976 Remastered - Robbery  on the Store,https://www.youtube.com/watch?v=Mks9E7kdhGY,"1976 director, driver 1976, taxi driver, martin scorsese, 1976 remastered",Tense,Action,Action,"Revenge, Betrayal",1.0,2025-07-29T13:44:34.613130+00:00,1753796674,121,en
Taxi Driver (7/8) Movie CLIP - Suck On This! (1976) HD,https://www.youtube.com/watch?v=FGwRe_5L1WM,"taxi driver, driver movie, life taxi, night cabby, man taxi",Inspiring,Hollywood,Hollywood,"Survival, Sacrifice",1.0,2025-07-29T13:51:15.626666+00:00,1753797075,162,en
You Talkin' To Me? | Taxi Driver (1976) | 1080p HD,https://www.youtube.com/watch?v=ak3ma7wtE_0,"talkin taxi, driver 1976, taxi driver, taxi, travis bickle",Inspiring,Action,Action,"Survival, Hope",1.0,2025-07-29T13:53:03.260264+00:00,1753797183,287,en
"""You talkin to me?""",https://www.youtube.com/watch?v=iu3ASrdS3zs,"shorts kubrick, kubrick, movies film, cinema hanszimmer, movie movies",Tense,Anime,Anime,"Betrayal, Survival",1.0,2025-07-29T13:53:54.448999+00:00,1753797234,59,en
Daniel Plainview's I Drink Your Milkshake - SNL,https://www.youtube.com/watch?v=Qajb3Y4tjuA,"milkshake snl, milkshake plainview, snl daniel, snl pinterest, snl instagram",Tense,Comedy,Comedy,"Hope, Survival",1.0,2025-07-29T13:55:31.995347+00:00,1753797331,280,en
There Will Be Blood ending (part 1),https://www.youtube.com/watch?v=tO0eivWrmMQ,"blood ending, ending rights, masterpiece ending, ending, anderson masterpiece",Dark,Action,Action,"War, Revenge",1.0,2025-07-29T13:56:30.507892+00:00,1753797390,246,en
"""There Will Be Blood"" Best Scene HD",https://www.youtube.com/watch?v=7b6aS8bsILc,"blood 2007, dano film, directed paul, blood best, cinematography robert",Tense,Drama,Drama,"War, Survival",1.0,2025-07-29T13:57:25.183664+00:00,1753797445,295,en
There Will Be Blood - I ABANDONED MY CHILD! üò´,https://www.youtube.com/watch?v=O-xjW_ig1KI,"screenplay blood, screenplay danielplainview, paulthomasanderson screenplay, outstanding screenplays, screenplay",Tense,Hollywood,Hollywood,"Survival, War",1.0,2025-07-29T14:00:08.056279+00:00,1753797608,121,en
There Will Be Blood - Daniel Plainview opening speech scene (High Quality),https://www.youtube.com/watch?v=FQmb3b3HYeA,"blood daniel, film blood, featuring daniel, blood 2007, anderson film",Tense,Hollywood,Hollywood,"Survival, War",1.0,2025-07-29T14:01:06.438267+00:00,1753797666,177,en
Quentin talks about There Will Be Blood,https://www.youtube.com/watch?v=D5HcKgVRfGU,"blood quentintarantino, quentintarantino therewillbeblood, quentin talks, quentintarantino, quentin",Tense,Anime,Anime,"Survival, Betrayal",1.0,2025-07-29T14:01:53.995359+00:00,1753797713,60,en
Daniel Day Lewis breaking character in There Will Be Blood (Outtake),https://www.youtube.com/watch?v=yjNw3pNsSmM,"character blood, blood outtake, edition blood, blood extra, lewis breaking",Tense,Hollywood,Hollywood,"Loneliness, Betrayal",1.0,2025-07-29T14:02:35.052235+00:00,1753797755,169,en
"One Of The Greatest Scenes ‚Äú I drink your milkshake, I drink it up ‚Äú Daniel Day Lewis.",https://www.youtube.com/watch?v=3ZL-THFU9Oc,"blood daniel, drink daniel, scene blood, daniel day, lewis daniel",Thrilling,Action,Action,"Friendship, Survival",1.0,2025-07-29T14:03:19.897116+00:00,1753797799,102,en
Dave Chappelle and Joe Rogan talks about Daniel day Lewis and There Will be blood.,https://www.youtube.com/watch?v=fcRmmGiNe88,"danieldaylewis comedy, lewis blood, daniel day, day lewis, chappelle joe",Tense,Comedy,Comedy,"Betrayal, Revenge",0.8,2025-07-29T14:04:07.115680+00:00,1753797847,63,en
"""I DRINK YOUR MILKSHAKE"" | Full Final Scene | There Will Be Blood | CLIP",https://www.youtube.com/watch?v=pXw0ElmFIQU,"milkshake final, scene blood, milkshake, drink milkshake, blood iconic",Thrilling,Hollywood,Hollywood,"Survival, Family",1.0,2025-07-29T14:05:39.757848+00:00,1753797939,201,en
Lunch With Daniel Day-Lewis | Kevin James,https://www.youtube.com/watch?v=5kazTzxaBPA,"lewis kevin, lunch daniel, daniel day, daniel, kevin",Tense,Action,Action,"Survival, Betrayal",1.0,2025-07-29T14:09:50.238544+00:00,1753798190,219,en
"BIRDMAN: ""Bring the Curtain Down""",https://www.youtube.com/watch?v=QmDHV9PDW9A,"birdmanthemovie, birdmanthemovie com, http birdmanthemovie, birdman, birdman friday",Dark,Action,Action,"Revenge, Betrayal",1.0,2025-07-29T14:10:53.655581+00:00,1753798253,70,en
"BIRDMAN: ""Coffee""",https://www.youtube.com/watch?v=y-fQ-xd1whA,"birdmanthemovie, birdmanthemovie com, birdman coffee, michael keaton, http birdmanthemovie",Tense,Documentary,Documentary,"Hope, Survival",1.0,2025-07-29T14:11:44.819103+00:00,1753798304,85,en
Birdman - Flight Scene HD,https://www.youtube.com/watch?v=cX3VbKEooWQ,"film birdman, birdman flight, birdman, birdman catch, flight scene",Inspiring,Action,Action,"Hope, Friendship",1.0,2025-07-29T14:12:46.997619+00:00,1753798366,180,en
Birdman scene / Relevant,https://www.youtube.com/watch?v=owbhnMijPqs,"scene birdman, birdman scene, birdman, scene relevant, birdman exercise",Inspiring,Action,Action,"Survival, Revenge",1.0,2025-07-29T14:13:23.238316+00:00,1753798403,202,en
The most disturbing acting performance #mindhunter,https://www.youtube.com/watch?v=6Zg1bUASwkw,"performance mindhunter, disturbing acting, mindhunter, acting, acting performance",Dark,Action,Action,"Betrayal, War",0.8,2025-07-29T14:13:43.253801+00:00,1753798423,59,en
Mission: Impossible - Rogue Nation (2015) - Ethan Catches a Plane Scene (1/10) | Movieclips,https://www.youtube.com/watch?v=elpUGB9Ap1Y,"impossible mission, mission impossible, mission ethan, plane ethan, ethan hunt",Inspiring,Hollywood,Hollywood,"Friendship, Survival",1.0,2025-07-29T14:18:10.047009+00:00,1753798690,144,en
Old Boy | Corridor Fight Scene,https://www.youtube.com/watch?v=OU8949uj5YI,"scene oldboy, boy corridor, corridor fight, scene old, oldboy",Thrilling,Action,Action,"Revenge, War",1.0,2025-07-29T14:19:03.029299+00:00,1753798743,194,en
John Wick: Chapter 3 - Parabellum (2019) - Long Live the King Scene (5/12) | Movieclips,https://www.youtube.com/watch?v=L-zzxADqlu8,"john wick, bowery king, wick fight, king scene, wick chapter",Inspiring,Documentary,Documentary,"Friendship, Survival",1.0,2025-07-29T14:23:25.570294+00:00,1753799005,169,en
"Christopher Nolan's ""The Birdman Rises""",https://www.youtube.com/watch?v=7ni8EpurMlE,"birdman rises, nolan birdman, christopher nolan, birdman unexpected, fox birdman",Dark,Comedy,Comedy,"Survival, Revenge",1.0,2025-07-29T14:23:58.759971+00:00,1753799038,71,en
its my turn,https://www.youtube.com/watch?v=RJqCuLHivuc,turn,Tense,Action,Action,"Survival, Family",0.6,2025-07-29T14:24:17.927942+00:00,1753799057,98,en
What Really Happened at the End of Black Swan?,https://www.youtube.com/watch?v=NniNF9g5Cck,"swan starring, black swan, scenes black, swan fascinating, starring natalie",Tense,Action,Action,"Family, Betrayal",1.0,2025-07-29T14:25:45.314958+00:00,1753799145,123,en
Black Swan (2010) - She's Trying to Replace Me Scene (4/5) | Movieclips,https://www.youtube.com/watch?v=iOaD5cZNw0E,"natalie portman, stars natalie, swan movie, cassel natalie, swan role",Tense,Documentary,Documentary,"Family, Hope",1.0,2025-07-29T14:32:42.415315+00:00,1753799562,142,en
Black Swan (2010) - Ending/Final Scene HD QUALITY,https://www.youtube.com/watch?v=jkMUVJavfmo,"black swan, swan 2010, swanlake blackswan, odette swanlake, scene hd",Tense,Drama,Drama,"Survival, Love",0.8,2025-07-29T14:33:08.725229+00:00,1753799588,161,de
Black Swan Best Scene/ Morning of Performance Scene/ She‚Äôs Dead! Scene,https://www.youtube.com/watch?v=EjvxiMad_Qc,"best scene, scene morning, black swan, scene dead, dead scene",Sad,Drama,Drama,"Revenge, Betrayal",1.0,2025-07-29T14:33:39.966648+00:00,1753799619,74,en
Black Swan Best Scene/ Nina Defending herself Scene/ Nina getting mad at Lily Scene,https://www.youtube.com/watch?v=YHN9Qa200Xc,"scene nina, lily scene, scene rights, black swan, nina defending",Thrilling,Drama,Drama,"Revenge, Survival",1.0,2025-07-29T14:34:10.034540+00:00,1753799650,92,en
Black Swan   Hallucinations,https://www.youtube.com/watch?v=lkHlLZzpQHU,"swan hallucinations, hallucinations, black swan, swan, black",Dark,Drama,Drama,"Betrayal, Revenge",0.8,2025-07-29T14:34:31.527892+00:00,1753799671,92,en
Her - The beach scene,https://www.youtube.com/watch?v=S7t4r2G2XCE,"beach scene, beach, beach right, like beach, scene",Inspiring,Action,Action,"Love, Hope",1.0,2025-07-29T14:35:03.824587+00:00,1753799703,197,en
"Her - Song On The Beach, Photograph, Milk & Honey (Arcade Fire)",https://www.youtube.com/watch?v=pLxqHmnPO2M,"song beach, beach photograph, honey arcade, arcade soundtrack, soundtrack",Romantic,Action,Action,"Love, Friendship",0.8,2025-07-29T14:35:31.335804+00:00,1753799731,287,en
HER (2013) - Beach Scene & Photograph,https://www.youtube.com/watch?v=P02tpbHktGI,"falls love, falling love, artificial love, joaquinphoenix scarlettjohansson, scarlettjohansson directed",Inspiring,Hollywood,Hollywood,"Love, Loneliness",1.0,2025-07-29T14:37:37.013036+00:00,1753799857,84,en
Her : Song on the Beach,https://www.youtube.com/watch?v=ohygb9Y0XyQ,"song beach, beach written, beach, performed arcade, song",Romantic,Romance,Romance,"Love, Family",0.8,2025-07-29T14:38:02.200707+00:00,1753799882,160,en
HER (Film) 2013 - End Scene,https://www.youtube.com/watch?v=8aPzZEA1jFo,"end scene, cinematography hoyte, scene beautiful, hoytema, beautiful film",Tense,Documentary,Documentary,"Love, Family",1.0,2025-07-29T14:38:41.116013+00:00,1753799921,246,en
"Her - ""Sometimes I think I have felt everything I'm ever gonna  feel""",https://www.youtube.com/watch?v=Ij05mHWjpa4,"ve felt, think felt, feel new, felt, feel think",Tense,Action,Action,"Family, Survival",1.0,2025-07-29T14:39:22.648501+00:00,1753799962,121,en
Her Beach Scene (Interlude),https://www.youtube.com/watch?v=ne623iJuWh4,"beach scene, interlude b1uan, scene interlude, interlude, cdbaby beach",Tense,Action,Action,"Family, Love",1.0,2025-07-29T14:40:07.696827+00:00,1753800007,109,en
The Full Beach Scene from Little Women (2019),https://www.youtube.com/watch?v=Wbk-910-f3g,"movies littlewomen, littlewomen writer, march sisters, little women, march film",Tense,Hollywood,Hollywood,"Family, Friendship",1.0,2025-07-29T14:42:23.804863+00:00,1753800143,170,en
Song on the Beach | Joaquin Phoenix & Scarlett Johansson (Her),https://www.youtube.com/watch?v=cbA_2_hKiRk,"beach joaquin, joaquin phoenix, song beach, joaquin, phoenix scarlett",Romantic,Romance,Romance,"Betrayal, Love",1.0,2025-07-29T14:43:21.495567+00:00,1753800201,76,en
'Beaches' scene by special request,https://www.youtube.com/watch?v=PARbvtWutoc,"beaches scene, beaches, scene special, scene, special request",Romantic,Action,Action,"Family, Revenge",1.0,2025-07-29T14:45:27.726826+00:00,1753800327,103,en
"Grace Phipps - Falling for Ya (From ""Teen Beach Movie""/Sing-Along)",https://www.youtube.com/watch?v=pJsze1Nx-bg,"disneychannel music, disney music, disneymusic subscribe, disney hits, subscribe disneymusicvevo",Tense,Action,Action,"Family, Love",1.0,2025-07-29T14:48:39.605045+00:00,1753800519,123,en
Eternal Sunshine of the Spotless Mind_Erase Scene,https://www.youtube.com/watch?v=EttRNOipTxU,"mind_erase scene, sunshine spotless, spotless mind_erase, eternal sunshine, spotless",Tense,Documentary,Documentary,"Betrayal, Family",0.8,2025-07-29T14:49:14.686422+00:00,1753800554,227,en
Eternal Sunshine of the Spotless Mind (2/11) Movie CLIP - Erased From Her Memory (2004) HD,https://www.youtube.com/watch?v=RwQVsB6k24Q,"sunshine spotless, eternal sunshine, mind movie, spotless mind, memories clementine",Romantic,Romance,Romance,"Love, Hope",1.0,2025-07-29T15:12:10.069375+00:00,1753801930,197,en
Eternal Sunshine of the Spotless Mind: Erased from Memory (HD CLIP),https://www.youtube.com/watch?v=tzSAOfnq7C4,"clementine memory, memory clementine, clementine erased, memories clementine, erasing clementine",Romantic,Comedy,Comedy,"Friendship, Love",1.0,2025-07-29T15:24:36.430200+00:00,1753802676,229,en
Eternal Sunshine of The Spotless Mind (2004) - 'Remember Me' Movie Clip,https://www.youtube.com/watch?v=GCvQfMB1eT8,"eternal sunshine, remember movie, 2004 remember, sunshine spotless, mind 2004",Tense,Comedy,Comedy,"Friendship, Love",1.0,2025-07-29T15:25:23.980144+00:00,1753802723,104,en
Eternal Sunshine of the Spotless Mind - Ending,https://www.youtube.com/watch?v=wsZSZ_vcCvA,"eternal sunshine, sunshine spotless, spotless mind, sunshine, mind ending",Tense,Documentary,Documentary,"Survival, Family",0.8,2025-07-29T15:25:47.972284+00:00,1753802747,134,en
Eternal Sunshine of the Spotless Mind | Quotes,https://www.youtube.com/watch?v=EkTmfIjpIjw,"crypto tip, appreciation crypto, btc 1g3nvnb8tf4slirzjc1qe7eb3wzqntw4ss, bsc 0xc3f564e7b97d60a20f3632c0d7b561707e6b81a8, btc",Inspiring,Action,Action,"Love, Family",1.0,2025-07-29T15:27:40.997761+00:00,1753802860,215,en
Eternal Sunshine Of The Spotless Mind Deleted Scene - Erase (2004) - Movie HD,https://www.youtube.com/watch?v=0F9q_BC1F0A,"scene erase, erase memories, sunshine spotless, deleted scene, eternal sunshine",Tense,Action,Action,"Love, Loneliness",1.0,2025-07-29T15:29:08.195061+00:00,1753802948,152,en
Eternal Sunshine of the Spotless Mind | Joel's Goodbye to Clementine as She Fades From Memory,https://www.youtube.com/watch?v=xpQhKRzENGE,"clementine kate, girlfriend clementine, goodbye clementine, memories clementine, clementine fades",Romantic,Comedy,Comedy,"Love, Friendship",1.0,2025-07-29T15:31:32.772219+00:00,1753803092,226,en
Eternal Sunshine Of The Spotless Mind Deleted Scene - Somebody Else (2004) - Movie HD,https://www.youtube.com/watch?v=ovxHfv8CR0s,"sunshine spotless, eternal sunshine, deleted scene, movie hd, 2004 movie",Tense,Action,Action,"Love, Survival",1.0,2025-07-29T15:33:01.231130+00:00,1753803181,71,en
Eternal Sunshine of the Spotless Mind - Last memory,https://www.youtube.com/watch?v=fGxKi81F52w,"eternal sunshine, sunshine spotless, spotless mind, sunshine, mind memory",Tense,Action,Action,"Survival, Family",1.0,2025-07-29T15:33:43.154834+00:00,1753803223,164,en
Eternal Sunshine of the Spotless Mind (6/11) Movie CLIP - Remember Me (2004) HD,https://www.youtube.com/watch?v=lFHLE24hDQY,"sunshine spotless, eternal sunshine, mind movie, remember film, spotless mind",Romantic,Action,Action,"Love, Hope",1.0,2025-07-29T15:41:45.972766+00:00,1753803705,133,en
Eternal Sunshine of The Spotless Mind (2004) - 'Erased From Her Memories' Movie Clip,https://www.youtube.com/watch?v=oJLFdizW1YU,"memories movie, eternal sunshine, sunshine spotless, focusfeatures eternalsunshineofthespotlessmind, erased memories",Tense,Action,Action,"Love, Loneliness",1.0,2025-07-29T15:43:42.704042+00:00,1753803822,167,en
Eternal Sunshine of the Spotless Mind (9/11) Movie CLIP - Clementine's Tape (2004) HD,https://www.youtube.com/watch?v=EQCf1YAzPsg,"sunshine spotless, eternal sunshine, mind movie, spotless mind, clementine kate",Romantic,Romance,Romance,"Love, Hope",1.0,2025-07-29T15:48:51.080635+00:00,1753804131,150,en
Details you definitely missed in Eternal Sunshine of the Spotless Mind,https://www.youtube.com/watch?v=4OK_9n4-9SM,"clementine having, meeting clementine, clementine, joel clementine, clementine using",Tense,Drama,Drama,"Love, Friendship",1.0,2025-07-29T15:50:59.230760+00:00,1753804259,59,en
Eternal Sunshine of the Spotless Mind (10/11) Movie CLIP - Joel's Tape (2004) HD,https://www.youtube.com/watch?v=sYEGcfDCysI,"sunshine spotless, eternal sunshine, mind movie, spotless mind, kaufman movieclips",Romantic,Action,Action,"Love, Hope",1.0,2025-07-29T15:56:01.243607+00:00,1753804561,194,en
"La La Land - ""Planetarium"" scene",https://www.youtube.com/watch?v=-3VMlzuvMf8,"planetarium scene, land planetarium, planetarium, la land, la la",Romantic,Fantasy,Fantasy,"Love, Hope",0.8,2025-07-29T15:56:23.995091+00:00,1753804583,258,it
La La Land (2016) - Dancing in the Stars Scene (6/11) | Movieclips,https://www.youtube.com/watch?v=lNFbbWOM5FU,"movie la, dancing stars, gosling mia, land dancing, cast emma",Romantic,Hollywood,Hollywood,"Love, Family",1.0,2025-07-29T16:00:38.295815+00:00,1753804838,199,en
